current,recommended,used_in_count,status
screenshots/screenshot-2025-06-28-at-3-43-34-am.png,screenshot-2025-06-28-at-3-43-34-am.png,,
screenshots/screenshot-2025-06-16-at-12-38-37-am.png,screenshot-2025-06-16-at-12-38-37-am.png,,
screenshots/screenshot-2025-06-16-at-12-21-13-am.png,screenshot-2025-06-16-at-12-21-13-am.png,,
screenshots/screenshot-2025-06-24-at-8-40-22-am.png,screenshot-2025-06-24-at-8-40-22-am.png,,
screenshots/screenshot-2025-06-16-at-12-21-35-am.png,screenshot-2025-06-16-at-12-21-35-am.png,,
screenshots/screenshot-2025-06-16-at-12-27-29-am.png,screenshot-2025-06-16-at-12-27-29-am.png,,
screenshots/screenshot-2025-06-21-at-8-13-24-pm.png,screenshot-2025-06-21-at-8-13-24-pm.png,,
screenshots/screenshot-2025-05-27-at-10-20-40-pm.png,screenshot-2025-05-27-at-10-20-40-pm.png,,
screenshots/screenshot-2024-10-06-172858.png,screenshot-2024-10-06-172858.png,,
screenshots/screenshot-2025-04-28-at-9-51-28-pm-2.png,screenshot-2025-04-28-at-9-51-28-pm-2.png,,
screenshots/screenshot-2025-06-17-at-12-34-04-am.png,screenshot-2025-06-17-at-12-34-04-am.png,,
screenshots/screenshot-2025-05-27-at-10-30-38-pm.png,screenshot-2025-05-27-at-10-30-38-pm.png,,
screenshots/screenshot-2025-06-16-at-12-26-54-am.png,screenshot-2025-06-16-at-12-26-54-am.png,,
screenshots/screenshot-2025-05-27-at-10-07-35-pm.png,screenshot-2025-05-27-at-10-07-35-pm.png,,
screenshots/screenshot-2025-06-16-at-12-22-49-am.png,screenshot-2025-06-16-at-12-22-49-am.png,,
screenshots/screenshot-2025-04-29-at-10-07-50-pm.png,screenshot-2025-04-29-at-10-07-50-pm.png,,
screenshots/screenshot-2025-06-16-at-12-36-07-am.png,screenshot-2025-06-16-at-12-36-07-am.png,,
screenshots/screenshot-2025-05-27-at-10-25-29-pm.png,screenshot-2025-05-27-at-10-25-29-pm.png,,
screenshots/screenshot-2025-04-30-at-1-10-45-am.png,screenshot-2025-04-30-at-1-10-45-am.png,,
screenshots/screenshot-2024-10-06-172605.png,screenshot-2024-10-06-172605.png,,
screenshots/screenshot-2025-05-31-at-4-54-12-pm.png,screenshot-2025-05-31-at-4-54-12-pm.png,,
screenshots/screenshot-2024-10-06-173121.png,screenshot-2024-10-06-173121.png,,
screenshots/screenshot-2025-06-16-at-12-37-39-am.png,screenshot-2025-06-16-at-12-37-39-am.png,,
screenshots/screenshot-2025-05-14-at-1-57-06-am.png,screenshot-2025-05-14-at-1-57-06-am.png,,
screenshots/screenshot-2025-06-16-at-12-22-05-am.png,screenshot-2025-06-16-at-12-22-05-am.png,,
screenshots/screenshot-2025-06-16-at-12-43-04-am.png,screenshot-2025-06-16-at-12-43-04-am.png,,
screenshots/screenshot-2025-06-28-at-9-44-01-am.png,screenshot-2025-06-28-at-9-44-01-am.png,,
screenshots/screenshot-2025-06-16-at-12-24-03-am.png,screenshot-2025-06-16-at-12-24-03-am.png,,
screenshots/screenshot-2025-06-16-at-12-20-59-am.png,screenshot-2025-06-16-at-12-20-59-am.png,,
screenshots/screenshot-2025-06-15-at-11-55-21-pm.png,screenshot-2025-06-15-at-11-55-21-pm.png,,
screenshots/screenshot-2025-06-16-at-12-39-55-am.png,screenshot-2025-06-16-at-12-39-55-am.png,,
screenshots/screenshot-2025-04-30-at-12-33-02-am.png,screenshot-2025-04-30-at-12-33-02-am.png,,
screenshots/screenshot-2025-05-16-at-11-52-12-pm.png,screenshot-2025-05-16-at-11-52-12-pm.png,,
screenshots/screenshot-2025-06-16-at-12-31-17-am.png,screenshot-2025-06-16-at-12-31-17-am.png,,
screenshots/screenshot-2025-06-16-at-1-53-28-am.png,screenshot-2025-06-16-at-1-53-28-am.png,,
screenshots/screenshot-2025-06-16-at-12-29-13-am.png,screenshot-2025-06-16-at-12-29-13-am.png,,
comparisons/mission-kill-3-way-comparison-4.jpeg,mission-kill-3-way-comparison-4.jpeg,,
comparisons/full-overview-comparison.png,full-overview-comparison.png,,
comparisons/rebeli-n-de-las-tapadas-3-way-comparison.png,rebeli-n-de-las-tapadas-3-way-comparison.png,,
comparisons/candy-candy-4-way-comparison-2.jpeg,candy-candy-4-way-comparison-2.jpeg,,
comparisons/mission-kill-spatial-recovery-comparison.jpeg,mission-kill-spatial-recovery-comparison.jpeg,,
comparisons/mission-kill-3-way-comparison-3.jpeg,mission-kill-3-way-comparison-3.jpeg,,
comparisons/knight-of-a-trail-4-way-comparison.jpeg,knight-of-a-trail-4-way-comparison.jpeg,,
comparisons/candy-candy-4-way-comparison-2.png,candy-candy-4-way-comparison-2.png,,
comparisons/rebelion-de-las-tapadas-3-way-comparison-4.jpeg,rebelion-de-las-tapadas-3-way-comparison-4.jpeg,,
comparisons/mission-kill-3-way-comparison-2.png,mission-kill-3-way-comparison-2.png,,
comparisons/mission-kill-3-way-comparison.png,mission-kill-3-way-comparison.png,,
comparisons/mission-kill-spatial-recovery-comparison-2.jpeg,mission-kill-spatial-recovery-comparison-2.jpeg,,
comparisons/el-librero-un-libro-spatial-recovery-comparison.jpeg,el-librero-un-libro-spatial-recovery-comparison.jpeg,,
comparisons/candy-candy-4-way-comparison.jpeg,candy-candy-4-way-comparison.jpeg,,
comparisons/rebelion-de-las-tapadas-3-way-comparison-2.png,rebelion-de-las-tapadas-3-way-comparison-2.png,,
comparisons/candy-candy-4-way-comparison.png,candy-candy-4-way-comparison.png,,
comparisons/rebelion-de-las-tapadas-3-way-comparison-3.jpeg,rebelion-de-las-tapadas-3-way-comparison-3.jpeg,,
comparisons/el-tinterillo/tinterillo-4-way-comparison.png,tinterillo-4-way-comparison.png,,
comparisons/el-tinterillo/tinterillo-spatial-recovery-comparison.jpeg,tinterillo-spatial-recovery-comparison.jpeg,,
comparisons/el-tinterillo/tinterillo-spatial-recovery-comparison-2.jpeg,tinterillo-spatial-recovery-comparison-2.jpeg,,
comparisons/el-tinterillo/tinterillo-4-way-comparison-2.png,tinterillo-4-way-comparison-2.png,,
comparisons/el-tinterillo/tinterillo-4-way-comparison-2.jpeg,tinterillo-4-way-comparison-2.jpeg,,
comparisons/el-tinterillo/tinterillo-4-way-comparison-3.jpeg,tinterillo-4-way-comparison-3.jpeg,,
comparisons/ben/ben-4-way-comparison.jpeg,ben-4-way-comparison.jpeg,,
comparisons/friends/friends-chroma-recovery-comparison-3.jpeg,friends-chroma-recovery-comparison-3.jpeg,,
comparisons/friends/friends-chroma-recovery-comparison-4.jpeg,friends-chroma-recovery-comparison-4.jpeg,,
comparisons/friends/friends-chroma-recovery-comparison-2.png,friends-chroma-recovery-comparison-2.png,,
comparisons/friends/friends-chroma-recovery-comparison.png,friends-chroma-recovery-comparison.png,,
node-settings/matchgrade-node-settings-cropped.png,matchgrade-node-settings-cropped.png,,
node-settings/colorspace-node-linear-to-ycbcr-settings.png,colorspace-node-linear-to-ycbcr-settings.png,,
node-settings/transform-node-settings-cropped.png,transform-node-settings-cropped.png,,
node-settings/median-node-settings.png,median-node-settings.png,,
node-settings/crop-node-settings-cropped.png,crop-node-settings-cropped.png,,
node-settings/transform-node-settings.png,transform-node-settings.png,,
node-settings/nuke-read-node-settings.png,nuke-read-node-settings.png,,
node-settings/inference-node-settings.png,inference-node-settings.png,,
node-settings/median-node-settings-cropped.png,median-node-settings-cropped.png,,
node-settings/shuffle-node-settings-cropped.png,shuffle-node-settings-cropped.png,,
node-settings/colorspace-node-linear-to-ycbcr-settings-cropped.png,colorspace-node-linear-to-ycbcr-settings-cropped.png,,
node-settings/dissolve-node-settings.png,dissolve-node-settings.png,,
node-settings/read-node-settings.png,read-node-settings.png,,
node-settings/f-align-node-settings.png,f-align-node-settings.png,,
node-settings/nuke-remove-node-settings.png,nuke-remove-node-settings.png,,
node-settings/colorspace-node-ycbcr-to-linear-settings-cropped.png,colorspace-node-ycbcr-to-linear-settings-cropped.png,,
node-settings/reformat-node-settings.png,reformat-node-settings.png,,
node-settings/nuke-read-node-settings-3.png,nuke-read-node-settings-3.png,,
node-settings/copybbox-node-settings.png,copybbox-node-settings.png,,
node-settings/frame-range-node-settings-cropped.png,frame-range-node-settings-cropped.png,,
node-settings/nuke-read-node-settings-2.png,nuke-read-node-settings-2.png,,
node-settings/nuke-reformat-node-settings.png,nuke-reformat-node-settings.png,,
node-settings/grade-node-settings.png,grade-node-settings.png,,
node-settings/matchgrade-node-settings.png,matchgrade-node-settings.png,,
node-settings/nuke-crop-node-settings.png,nuke-crop-node-settings.png,,
node-settings/shuffle-node-settings.png,shuffle-node-settings.png,,
node-settings/remove-node-settings.png,remove-node-settings.png,,
node-settings/crop-node-settings-2.png,crop-node-settings-2.png,,
node-settings/dissolve-node-settings-cropped.png,dissolve-node-settings-cropped.png,,
node-settings/dissolve-node-settings-cropped-2.png,dissolve-node-settings-cropped-2.png,,
node-settings/write-node-settings.png,write-node-settings.png,,
node-settings/colorspace-node-ycbcr-to-linear-settings.png,colorspace-node-ycbcr-to-linear-settings.png,,
node-settings/crop-node-settings.png,crop-node-settings.png,,
node-settings/read-node-settings-cropped.png,read-node-settings-cropped.png,,
node-settings/inference-node-settings-cropped.png,inference-node-settings-cropped.png,,
node-settings/frame-range-node-settings.png,frame-range-node-settings.png,,
node-settings/reformat-node-settings-cropped.png,reformat-node-settings-cropped.png,,
workflow-overviews/rebeli-n-de-tapadas-chroma-recovery-script-overview.jpeg,rebeli-n-de-tapadas-chroma-recovery-script-overview.jpeg,,
workflow-overviews/rebelion-de-tapadas-chroma-recovery-script-overview-2.jpeg,rebelion-de-tapadas-chroma-recovery-script-overview-2.jpeg,,
workflow-overviews/mission-kill-spatial-and-chroma-recovery-script-overview.jpeg,mission-kill-spatial-and-chroma-recovery-script-overview.jpeg,,
workflow-overviews/mission-kill-spatial-and-chroma-recovery-script-overview-2.jpeg,mission-kill-spatial-and-chroma-recovery-script-overview-2.jpeg,,
workflow-overviews/muralla-verde-chroma-recovery-script-full-overview.png,muralla-verde-chroma-recovery-script-full-overview.png,,
workflow-overviews/el-tinterillo/tinterillo-spatial-recovery-script-overview.jpeg,tinterillo-spatial-recovery-script-overview.jpeg,,
workflow-overviews/el-tinterillo/tinterillo-spatial-recovery-script-overview-2.jpeg,tinterillo-spatial-recovery-script-overview-2.jpeg,,
training/copycat-contact-sheet-collection-2.jpeg,copycat-contact-sheet-collection-2.jpeg,,
training/copycat-settings-preview-cropped.png,copycat-settings-preview-cropped.png,,
training/node-graph-overview-cropped.png,node-graph-overview-cropped.png,,
training/copycat-training.png,copycat-training.png,,
training/copycat-training-graph.png,copycat-training-graph.png,,
training/copycat-training-cropped.png,copycat-training-cropped.png,,
training/copycat-contact-sheet-collection.jpeg,copycat-contact-sheet-collection.jpeg,,
training/candy-candy-copycat-graph.png,candy-candy-copycat-graph.png,,
training/copycat-training-graph-2.png,copycat-training-graph-2.png,,
training/copycat-settings.png,copycat-settings.png,,
training/copycat-settings-contact-sheet.png,copycat-settings-contact-sheet.png,,
training/copycat-training-graph-3.png,copycat-training-graph-3.png,,
training/copycat-settings-preview.png,copycat-settings-preview.png,,
training/candy-candy-training-contact-sheet.jpeg,candy-candy-training-contact-sheet.jpeg,,
training/copycat-settings-cropped.png,copycat-settings-cropped.png,,
training/copycat-settings-contact-sheet-cropped.png,copycat-settings-contact-sheet-cropped.png,,
training/node-graph-overview.png,node-graph-overview.png,,
training/candy-candy-training-steps.jpeg,candy-candy-training-steps.jpeg,,
training/el-tinterillo/tinterillo-copycat-training-graph-3.jpeg,tinterillo-copycat-training-graph-3.jpeg,,
training/el-tinterillo/tinterillo-copycat-training-graph-4.jpeg,tinterillo-copycat-training-graph-4.jpeg,,
training/el-tinterillo/tinterillo-copycat-training-graph.png,tinterillo-copycat-training-graph.png,,
training/el-tinterillo/tinterillo-copycat-training-graph-2.png,tinterillo-copycat-training-graph-2.png,,
training/el-tinterillo/tinterillo-training-diagram.jpeg,tinterillo-training-diagram.jpeg,,
datasets/muralla-verde-chroma-recovery-output.png,muralla-verde-chroma-recovery-output.png,,
datasets/dataset-curation-cropped.png,dataset-curation-cropped.png,,
datasets/dataset-curation.png,dataset-curation.png,,
datasets/muralla-verde-source-cropped.png,muralla-verde-source-cropped.png,,
datasets/muralla-verde-source.png,muralla-verde-source.png,,
frames/vfx-steps-000001-000022-00000003.png,vfx-steps-000001-000022-00000003.png,,
frames/vfx-steps-000001-000022-00000017.png,vfx-steps-000001-000022-00000017.png,,
frames/vfx-steps-000001-000022-00000016.png,vfx-steps-000001-000022-00000016.png,,
frames/vfx-steps-000001-000022-00000002.png,vfx-steps-000001-000022-00000002.png,,
frames/vfx-steps-000001-000022-00000014.png,vfx-steps-000001-000022-00000014.png,,
frames/vfx-steps-000001-000022-00000000.png,vfx-steps-000001-000022-00000000.png,,
frames/vfx-steps-000001-000022-00000001.png,vfx-steps-000001-000022-00000001.png,,
frames/vfx-steps-000001-000022-00000015.png,vfx-steps-000001-000022-00000015.png,,
frames/vfx-steps-000001-000022-00000011.png,vfx-steps-000001-000022-00000011.png,,
frames/vfx-steps-000001-000022-00000005.png,vfx-steps-000001-000022-00000005.png,,
frames/vfx-steps-000001-000022-00000004.png,vfx-steps-000001-000022-00000004.png,,
frames/vfx-steps-000001-000022-00000010.png,vfx-steps-000001-000022-00000010.png,,
frames/vfx-steps-000001-000022-00000006.png,vfx-steps-000001-000022-00000006.png,,
frames/vfx-steps-000001-000022-00000012.png,vfx-steps-000001-000022-00000012.png,,
frames/vfx-steps-000001-000022-00000013.png,vfx-steps-000001-000022-00000013.png,,
frames/vfx-steps-000001-000022-00000007.png,vfx-steps-000001-000022-00000007.png,,
frames/vfx-steps2-000001-000014-00000028.png,vfx-steps2-000001-000014-00000028.png,,
frames/vfx-steps2-000001-000014-00000029.png,vfx-steps2-000001-000014-00000029.png,,
frames/vfx-steps2-000001-000010-00000023.png,vfx-steps2-000001-000010-00000023.png,,
frames/vfx-steps2-000001-000010-00000022.png,vfx-steps2-000001-000010-00000022.png,,
frames/vfx-010-00000000.png,vfx-010-00000000.png,,
frames/vfx-steps2-000001-000010-00000026.png,vfx-steps2-000001-000010-00000026.png,,
frames/vfx-steps2-000001-000010-00000027.png,vfx-steps2-000001-000010-00000027.png,,
frames/vfx-steps2-000001-000010-00000031.png,vfx-steps2-000001-000010-00000031.png,,
frames/vfx-steps2-000001-000010-00000025.png,vfx-steps2-000001-000010-00000025.png,,
frames/vfx-steps2-000001-000010-00000024.png,vfx-steps2-000001-000010-00000024.png,,
frames/vfx-steps2-000001-000010-00000030.png,vfx-steps2-000001-000010-00000030.png,,
frames/vfx-steps2-000001-000014-00000035.png,vfx-steps2-000001-000014-00000035.png,,
frames/vfx-steps2-000001-000010-00000029.png,vfx-steps2-000001-000010-00000029.png,,
frames/vfx-steps2-000001-000010-00000028.png,vfx-steps2-000001-000010-00000028.png,,
frames/vfx-steps2-000001-000014-00000034.png,vfx-steps2-000001-000014-00000034.png,,
frames/vfx-steps2-000001-000014-00000022.png,vfx-steps2-000001-000014-00000022.png,,
frames/vfx-steps2-000001-000014-00000023.png,vfx-steps2-000001-000014-00000023.png,,
frames/vfx-steps2-000001-000014-00000027.png,vfx-steps2-000001-000014-00000027.png,,
frames/vfx-steps2-000001-000014-00000033.png,vfx-steps2-000001-000014-00000033.png,,
frames/vfx-steps2-000001-000014-00000032.png,vfx-steps2-000001-000014-00000032.png,,
frames/vfx-steps2-000001-000014-00000026.png,vfx-steps2-000001-000014-00000026.png,,
frames/vfx-steps2-000001-000014-00000030.png,vfx-steps2-000001-000014-00000030.png,,
frames/vfx-steps2-000001-000014-00000024.png,vfx-steps2-000001-000014-00000024.png,,
frames/vfx-steps2-000001-000014-00000025.png,vfx-steps2-000001-000014-00000025.png,,
frames/vfx-steps2-000001-000014-00000031.png,vfx-steps2-000001-000014-00000031.png,,
frames/vfx-steps-000001-000022-00000021.png,vfx-steps-000001-000022-00000021.png,,
frames/vfx-steps-000001-000022-00000009.png,vfx-steps-000001-000022-00000009.png,,
frames/vfx-steps-000001-000022-00000008.png,vfx-steps-000001-000022-00000008.png,,
frames/vfx-steps-000001-000022-00000020.png,vfx-steps-000001-000022-00000020.png,,
frames/vfx-steps-000001-000022-00000018.png,vfx-steps-000001-000022-00000018.png,,
frames/vfx-steps-000001-000022-00000019.png,vfx-steps-000001-000022-00000019.png,,
frames/ben/ben-tlr-00104648.png,ben-tlr-00104648.png,,
frames/ben/ben-tlr-00104930.png,ben-tlr-00104930.png,,
frames/ben/ben-tlr-00103905.png,ben-tlr-00103905.png,,
frames/ben/ben-tlr-00104955.png,ben-tlr-00104955.png,,
frames/ben/ben-tlr-00103961.png,ben-tlr-00103961.png,,
frames/ben/ben-tlr-00104608.png,ben-tlr-00104608.png,,
frames/ben/ben-tlr-00104625.png,ben-tlr-00104625.png,,
frames/ben/ben-tlr-00104906.png,ben-tlr-00104906.png,,
frames/ben/ben-tlr-00103936.png,ben-tlr-00103936.png,,
timelines/muralla-verde-color-composite-timeline-resolve-2.png,muralla-verde-color-composite-timeline-resolve-2.png,,
timelines/resolve-timeline-8.png,resolve-timeline-8.png,,
timelines/muralla-verde-color-composite-timeline-resolve.png,muralla-verde-color-composite-timeline-resolve.png,,
timelines/resolve-timeline-2.png,resolve-timeline-2.png,,
timelines/resolve-timeline-3.png,resolve-timeline-3.png,,
timelines/resolve-timeline-7.png,resolve-timeline-7.png,,
timelines/resolve-timeline-6.png,resolve-timeline-6.png,,
timelines/resolve-timeline-4.png,resolve-timeline-4.png,,
timelines/resolve-timeline-5.png,resolve-timeline-5.png,,
timelines/resolve-timeline.png,resolve-timeline.png,,
uncategorized/candy-candy-individual-shot-chroma-recovery-script.jpeg,candy-candy-individual-shot-chroma-recovery-script.jpeg,,
uncategorized/muralla-verde-color-reference.png,muralla-verde-color-reference.png,,
uncategorized/candy-candy-sequence-chroma-recovery-script.jpeg,candy-candy-sequence-chroma-recovery-script.jpeg,,
uncategorized/nuke-project-settings.png,nuke-project-settings.png,,
uncategorized/candy-candy-individual-shot-chroma-recovery-script-2.jpeg,candy-candy-individual-shot-chroma-recovery-script-2.jpeg,,
uncategorized/grade-node-setting-cropped.png,grade-node-setting-cropped.png,,
uncategorized/f-align-node-cropped.png,f-align-node-cropped.png,,
uncategorized/knight-of-a-trail-spatial-recovery-script.jpeg,knight-of-a-trail-spatial-recovery-script.jpeg,,
uncategorized/project-settings-cropped.png,project-settings-cropped.png,,
uncategorized/muralla-verde-raw-scan-unbalanced.png,muralla-verde-raw-scan-unbalanced.png,,
uncategorized/rebeli-n-de-las-tapadas-artwork-reference.png,rebeli-n-de-las-tapadas-artwork-reference.png,,
uncategorized/rebelion-de-las-tapadas-artwork-reference-2.jpeg,rebelion-de-las-tapadas-artwork-reference-2.jpeg,,
uncategorized/el-tinterillo/tinterillo-contact-sheet.jpeg,tinterillo-contact-sheet.jpeg,,
uncategorized/ben/ben-photoshop-chroma-reference-creation.jpeg,ben-photoshop-chroma-reference-creation.jpeg,,
uncategorized/ben/ben-photoshop-chroma-reference-creation-2.jpeg,ben-photoshop-chroma-reference-creation-2.jpeg,,
uncategorized/ben/ben-photoshop-chroma-reference-creation-3.jpeg,ben-photoshop-chroma-reference-creation-3.jpeg,,
uncategorized/friends/friends-chroma-recovery-contact-sheet.jpeg,friends-chroma-recovery-contact-sheet.jpeg,,
uncategorized/friends/friends-chroma-recovery-contact-sheet-2.jpeg,friends-chroma-recovery-contact-sheet-2.jpeg,,
render-settings/matchgrade-render-optional-cropped.png,matchgrade-render-optional-cropped.png,,
render-settings/inference-render-cropped.png,inference-render-cropped.png,,
render-settings/inference-render.png,inference-render.png,,
render-settings/matchgrade-render-optional.png,matchgrade-render-optional.png,,
alignment/alignment.png,alignment.png,,
alignment/alignment-cropped.png,alignment-cropped.png,,
alignment/muralla-verde-reference-pre-alignment-timeline-resolve-2.png,muralla-verde-reference-pre-alignment-timeline-resolve-2.png,,
alignment/muralla-verde-reference-pre-alignment-timeline-resolve.png,muralla-verde-reference-pre-alignment-timeline-resolve.png,,
